{"cameraMode":{"drawMode":0,"name":"Shaded","section":"Shading Mode"},"sceneLighting":false,"audioPlay":false,"sceneViewState":{"showFog":true,"showMaterialUpdate":false,"showSkybox":true,"showFlares":true,"showImageEffects":true,"showParticleSystems":true},"in2DMode":false,"pivot":{"x":-1.0852317810058594,"y":2.1923155784606935,"z":-2.6100547313690187},"rotation":{"x":-0.031573351472616199,"y":-0.7448070645332336,"z":0.0353303998708725,"w":-0.6655954718589783},"size":5.0614142417907719,"orthographic":false}