{"cameraMode":{"drawMode":0,"name":"Shaded","section":"Shading Mode"},"sceneLighting":false,"audioPlay":false,"sceneViewState":{"showFog":true,"showMaterialUpdate":false,"showSkybox":true,"showFlares":true,"showImageEffects":true,"showParticleSystems":true},"in2DMode":false,"pivot":{"x":-2.356367588043213,"y":1.5625485181808472,"z":0.24049615859985352},"rotation":{"x":-0.1549091786146164,"y":0.47069522738456728,"z":-0.08434587717056275,"w":-0.8644853830337524},"size":6.439291477203369,"orthographic":false}