{"cameraMode":{"drawMode":0,"name":"Shaded","section":"Shading Mode"},"sceneLighting":false,"audioPlay":false,"sceneViewState":{"showFog":true,"showMaterialUpdate":false,"showSkybox":true,"showFlares":true,"showImageEffects":true,"showParticleSystems":true},"in2DMode":false,"pivot":{"x":0.04435300827026367,"y":1.233006477355957,"z":10.568120956420899},"rotation":{"x":-0.2356555312871933,"y":0.2689339816570282,"z":-0.0680440217256546,"w":-0.9314028024673462},"size":24.435115814208986,"orthographic":false}