{"cameraMode":{"drawMode":0,"name":"Shaded","section":"Shading Mode"},"sceneLighting":false,"audioPlay":false,"sceneViewState":{"showFog":true,"showMaterialUpdate":false,"showSkybox":true,"showFlares":true,"showImageEffects":true,"showParticleSystems":true},"in2DMode":false,"pivot":{"x":-0.859324038028717,"y":6.172667503356934,"z":-6.087993144989014},"rotation":{"x":-0.18079115450382234,"y":-0.014165784232318402,"z":0.0026039720978587867,"w":-0.9834160804748535},"size":3.276106119155884,"orthographic":false}